pair_id,fold,dice_a,dice_b,dice_mean,iou_mean,dice_pmax,hd95_a,hd95_b,hd95_mean,dice_oracle,dice_copy
A10_H10__t1_t2,0,0.12173913043478261,0.7044534412955465,0.38073394495412843,0.23512747875354106,0.12805755395683452,149.68048717517505,6.868691769624715,147.55591838463482,0.7044534412955465,0.1204081632653061
A10_H6__t1_t2,0,0.862738301559792,0.8364801078894134,0.8468744677227048,0.7344165435745938,0.830207468879668,9.412537464580227,11.081152949374525,9.916871790987855,0.862738301559792,0.3589895401618314
A10_H6__t2_t3,0,0.8234871610702101,0.9227106808443104,0.8935091277890467,0.8075160403299725,0.9218970104867742,5.6916737785629525,4.0,3.1622776601683795,0.9227106808443104,0.3579474342928661
A11_H10__t1_t2,0,0.9037607343796269,0.8514669926650367,0.8797814207650273,0.7853658536585366,0.9012062033314188,6.082762530298219,11.0,9.219544457292887,0.9037607343796269,0.8628965517241379
A11_H10__t2_t3,0,0.5117056856187291,0.5839589095219281,0.5789049919484702,0.40736543909348444,0.6160241874527589,24.588006142623136,27.459060435491963,28.730924648719405,0.5839589095219281,0.7236693091732729
A11_H9__t1_t2,0,0.8204826368452031,0.8578094976667582,0.8455192034139403,0.73238048299655,0.8580156727321026,13.321907101350378,9.240988124769263,8.94427190999916,0.8578094976667582,0.8574638393484061
A11_H9__t2_t3,0,0.7737763407291783,0.7065116279069767,0.7400479069236912,0.5873619409741083,0.7724821133736929,26.627053911388696,35.751917118245416,31.35679436416675,0.7737763407291783,0.5214025500910747
A14_H1__t1_t2,0,0.6929316338354577,0.6212664277180406,0.6744822196170379,0.5088443396226415,0.6759358288770053,59.58137505569717,12.383306565043995,11.063118960624626,0.6929316338354577,0.2018722018722018
A14_H1__t2_t3,0,0.3583180987202925,0.20260782347041123,0.2568690095846645,0.14736070381231672,0.20189905047476261,23.489212208874108,26.1725046566048,25.179356624028344,0.3583180987202925,0.0160233066278222
A15_H9__t1_t2,0,0.5551330798479087,0.7835951134380453,0.6118560338743825,0.4407727503812913,0.5467669172932331,156.0,15.231546211727817,154.76351682680917,0.7835951134380453,0.2806004618937644
A15_H9__t2_t3,0,0.8625664388762339,0.7028571428571428,0.7588383838383839,0.6113936927772126,0.7082152974504249,2.8284271247461903,13.674213878914035,12.619324002040555,0.8625664388762339,0.0805860805860805
A17_H1__t1_t2,0,0.9238440616500453,0.8953037483843171,0.9126043039086518,0.8392568659127625,0.8857749469214438,2.23606797749979,4.073863375370595,3.137936011143122,0.9238440616500453,0.6479750778816199
A17_H1__t2_t3,0,0.6466060181945417,0.5668906536346976,0.6023468057366362,0.43097014925373134,0.5758661887694145,21.728533684124667,27.020191975283552,25.97475487839819,0.6466060181945417,0.3384932920536636
A19_H6__t1_t2,0,0.9529107887939599,0.9486523706472556,0.9580031695721077,0.9193916349809886,0.9455177743431221,3.2287687024627107,2.8284271247461903,2.0,0.9529107887939599,0.8291547277936963
A20_H1__t1_t2,0,0.8368794326241135,0.8255528255528255,0.872,0.7730496453900709,0.807185628742515,2.23606797749979,41.02334335267651,1.4142135623730951,0.8368794326241135,0.2474549725920125
A20_H1__t2_t3,0,0.8081081081081081,0.6595970307529162,0.7650676506765067,0.6195219123505976,0.6415478615071283,6.4031242374328485,44.429126451980316,38.888833411342446,0.8081081081081081,0.0351906158357771
A20_H10__t1_t2,0,0.7341817530023301,0.7676355600883903,0.7642757660167131,0.6184840800225415,0.7711208347357792,28.779289402320174,30.55146280646688,29.832867780352597,0.7676355600883903,0.7410464975112299
A20_H10__t2_t3,0,0.8313725490196079,0.8387391502969392,0.8396701786532295,0.7236478484011054,0.8525914292124748,17.19881838191274,18.368446374751585,17.902465075730476,0.8387391502969392,0.8255972696245734
A24_H6__t1_t2,0,0.7344827586206897,0.6313725490196078,0.6956521739130435,0.5333333333333333,0.7344827586206897,12.113923384129354,13.99878825790644,12.416771121498872,0.7344827586206897,0.131993006993007
A24_H6__t2_t3,0,0.9266187050359712,0.9225917431192661,0.9251076040172166,0.8606513614522157,0.9118472768107805,5.89054962428789,6.4031242374328485,6.636904488484245,0.9266187050359712,0.1434343434343434
A24_H8__t1_t2,0,0.9264822134387352,0.9284578696343402,0.9240506329113924,0.8588235294117647,0.9252336448598131,2.153444185374858,2.0,2.1770509831248424,0.9284578696343402,0.206734534064213
A25_H1__t1_t2,0,0.9140722291407223,0.9514950166112957,0.9398058252427185,0.8864468864468864,0.9137181874612043,3.0,2.0,2.0,0.9514950166112957,0.3094867807153966
A25_H3__t1_t2,0,0.5170068027210885,0.8226120857699805,0.652455272173582,0.48418079096045197,0.8366431774503523,11.015685424949242,6.0,7.127081707490474,0.8226120857699805,0.6746839346284305
A25_H3__t2_t3,0,0.4840137727496311,0.6919431279620853,0.55,0.3793103448275862,0.6833271167474823,11.968805970811525,9.0,8.511706441224101,0.6919431279620853,0.3371095090971507
A25_H5__t1_t2,0,0.8,0.8557692307692307,0.845360824742268,0.7321428571428571,0.8557692307692307,2.0,1.7363961030678912,1.4142135623730951,0.8557692307692307,0.0
A2_H1__t1_t2,0,0.9276773296244785,0.9238227146814404,0.9284225156358582,0.8664072632944229,0.9138166894664843,2.0,2.0,2.0,0.9276773296244785,0.4327573253193087
A2_H1__t2_t3,0,0.8932330827067669,0.28940568475452194,0.8774583963691377,0.7816711590296496,0.3029381965552178,2.0,132.73723659129206,108.40274425161108,0.8932330827067669,0.5362903225806451
A2_H2__t1_t2,0,0.6752172114191146,0.896664844177146,0.8015640273704789,0.6688417618270799,0.6615694164989939,60.84690341029874,2.8284271247461903,53.828296253253136,0.896664844177146,0.0
A2_H2__t2_t3,0,0.9240506329113924,0.9420505200594353,0.9381139489194499,0.883441258094357,0.9241842610364683,2.0,2.0,2.0,0.9420505200594353,0.6069651741293532
A2_H3__t1_t2,0,0.9524561057407773,0.9406446540880503,0.9487179487179487,0.9024390243902439,0.9488966318234611,2.0,3.0,2.3249218495867363,0.9524561057407773,0.1867209361485627
A2_H3__t2_t3,0,0.9714902142086608,0.9669358525064757,0.9707100138015642,0.9430870083432658,0.9683381305862748,1.4142135623730951,2.0,1.4142135623730951,0.9714902142086608,0.5962199312714777
A3_H9__t1_t2,0,0.6591395756277983,0.7676943117672601,0.7315208156329651,0.5766912257200268,0.6861395348837209,120.4344323399092,18.002775637731993,117.42799297636682,0.7676943117672601,0.6183788121990369
A4_H4__t1_t2,0,0.9336437718277066,0.9045553145336226,0.9253065774804905,0.8609958506224067,0.9028077753779697,1.0207106781186477,2.0,1.4142135623730951,0.9336437718277066,0.5749656121045392
A4_H4__t2_t3,0,0.1731123388581952,0.0,0.1862348178137652,0.10267857142857142,0.13183730715287517,33.77246208315679,130.34185137336326,128.0796623032921,0.1731123388581952,0.1033057851239669
A4_H5__t1_t2,0,0.4531886024423338,0.5320447609359105,0.505859375,0.338562091503268,0.4428450465707028,67.25059600563146,63.86147232698632,63.00317440323738,0.5320447609359105,0.0051020408163265
A4_H5__t2_t3,0,0.4848167539267016,0.2931412464766677,0.3579265985622399,0.21797235023041475,0.2775821596244131,47.9112736221875,88.17579804813799,85.0047057195309,0.4848167539267016,0.0
A4_H7__t1_t2,0,0.18981481481481483,0.1816976127320955,0.2028985507246377,0.11290322580645161,0.1816976127320955,28.80893875893052,31.346358254827866,30.4134479938644,0.18981481481481483,0.1901639344262295
A4_H7__t2_t3,0,0.11343804537521815,0.07162534435261708,0.08165829145728644,0.042567125081859856,0.0711159737417943,22.234238296536823,42.900668591831845,39.69041744999188,0.11343804537521815,0.5739910313901345
A5_H3__t1_t2,0,0.8859718488059466,0.8111533586818758,0.8474877723432637,0.7353395061728395,0.8106966924700915,13.442459192451219,14.142135623730951,13.519447038430114,0.8859718488059466,0.7716297786720322
A5_H3__t2_t3,0,0.8322507766167749,0.8251748251748252,0.8334739803094233,0.7144924041475765,0.80306905370844,17.69180601295413,20.712090087386557,19.250795737628355,0.8322507766167749,0.7176887987835783
A5_H5__t1_t2,0,0.8980206540447504,0.8836283185840708,0.8964916103726303,0.8124012638230648,0.8965663416701992,5.845584412271555,5.787427483507071,5.0,0.8980206540447504,0.5487927565392354
A5_H5__t2_t3,0,0.8848341232227488,0.8961799859385986,0.9081990189208129,0.8318356867779204,0.9028213166144201,5.439502695606076,4.104639781775007,4.123105625617661,0.8961799859385986,0.5806014017635089
A7_H2__t1_t2,0,0.8333333333333334,0.7442231075697211,0.7853535353535354,0.6465696465696466,0.7437425506555423,10.0,14.0,11.180339887498949,0.8333333333333334,0.2157710520897673
A7_H2__t2_t3,0,0.8778897451096621,0.8608430675469781,0.881885593220339,0.7887257224064425,0.8611955420466059,5.0,6.4031242374328485,5.115549442140334,0.8778897451096621,0.5894658199477026
A8_H1__t1_t2,0,0.2427007299270073,0.14935622317596567,0.1978984238178634,0.1098153547133139,0.2073732718894009,29.82326470191164,34.971399357258385,32.85668386111872,0.2427007299270073,0.2925687536571094
A8_H1__t2_t3,0,0.15370196813495782,0.17362270450751252,0.19136212624584717,0.10580455547391623,0.17228050800662617,49.00102030193714,52.88220770107456,52.16402939465805,0.17362270450751252,0.284375
A9_H10__t1_t2,0,0.8834888262095899,0.7604017216642754,0.8069364161849711,0.6763565891472868,0.8812392426850258,8.48528137423857,24.041630560342615,15.03826885697534,0.8834888262095899,0.5229280605805637
A9_H10__t2_t3,0,0.5307599517490953,0.4701284198771636,0.4877771461057419,0.3225563909774436,0.46842105263157896,22.706658174775477,23.410298019656093,22.80350850198276,0.5307599517490953,0.3579268292682926
A9_H4__t1_t2,0,0.8894289185905225,0.8436781609195402,0.8676122931442081,0.7661795407098121,0.8440366972477065,2.0,2.1062305898749027,2.0,0.8894289185905225,0.0260047281323877
A9_H4__t2_t3,0,0.8620919387075283,0.6791083462934163,0.8159700561447286,0.6891464699683878,0.6794407042982911,8.972656781192779,30.276192371213778,10.999619579028199,0.8620919387075283,0.2619502868068833
A10_H8__t1_t2,1,0.6995683993244511,0.6690825863055503,0.6963547538519353,0.5341597002017873,0.7304035874439462,14.385670688353093,29.839104406325326,14.7648230602334,0.6995683993244511,0.202794051374493
A10_H8__t2_t3,1,0.8575510204081632,0.6733121884911645,0.8007662835249042,0.6677316293929713,0.8100057284704983,24.136869590822037,49.69303993697965,45.83764576417937,0.8575510204081632,0.6156316916488223
A11_H2__t1_t2,1,0.7876923076923077,0.7674348997306196,0.7883033810539141,0.6505781799899447,0.8005738880918221,8.604043970019765,10.0,9.041538853603063,0.7876923076923077,0.6614601018675722
A11_H2__t2_t3,1,0.7147435897435898,0.8678304239401496,0.8766079085278704,0.7803223070398643,0.6874074074074074,49.809794056636974,46.64567562970747,7.296893050109682,0.8678304239401496,0.4640122511485451
A11_H7__t1_t2,1,0.9302091206853111,0.7868638538494998,0.910763112105394,0.836147877681424,0.7961414790996785,4.0,19.887146043225243,5.3987492792524,0.9302091206853111,0.6016156462585034
A11_H7__t2_t3,1,0.8733982573039467,0.8507306889352818,0.8704370179948586,0.7705962676376877,0.8841999497613665,9.0,8.06225774829855,8.449420855788075,0.8733982573039467,0.0207227697750821
A12_H1__t1_t2,1,0.6728334956183057,0.6888128969223254,0.6865234375,0.5226765799256505,0.6514131897711979,24.651255869389278,20.232480684683757,22.962976290068575,0.6888128969223254,0.5365677045619116
A12_H1__t2_t3,1,0.653575398295665,0.6868686868686869,0.6814092953523239,0.5167708925525867,0.6483439041578577,45.74104872334205,43.65885616453494,44.552607286035126,0.6868686868686869,0.3477570464470028
A16_H1__t1_t2,1,0.0,0.0,0.0,0.0,0.0,,60.411918197589394,54.18556618139722,0.0,0.0
A16_H1__t2_t3,1,0.0,0.336283185840708,0.0738255033557047,0.03832752613240418,0.2336065573770492,88.80133454301274,92.48723513570846,91.03759750706095,0.336283185840708,0.0
A16_H6__t1_t2,1,0.7138389366692729,0.7799394725464764,0.7547481420313791,0.6061007957559682,0.7017274472168906,20.247340880145657,10.931098884280699,13.150367627183861,0.7799394725464764,0.4465528146742568
A17_H10__t1_t2,1,0.9002090857251474,0.9095701540957015,0.91202519189136,0.8382778581765558,0.8962158111652304,5.830951894845301,7.266308421610007,5.830951894845301,0.9095701540957015,0.4464308848296411
A17_H10__t2_t3,1,0.9445614035087719,0.8947494605610166,0.9303752655180553,0.8698146513680495,0.9287345820009136,2.0,4.4606611916055625,3.0,0.9445614035087719,0.1008221549112938
A1_H4__t1_t2,1,0.7654320987654321,0.8569144684252598,0.8156077348066298,0.6886297376093294,0.7544396815676668,22.13932660567845,5.932380757938114,18.020795749453864,0.8569144684252598,0.5959915611814346
A1_H4__t2_t3,1,0.7182813133360356,0.9128712871287129,0.8392774432607689,0.7230646448523543,0.7245253777605579,24.186773244895647,2.8284271247461903,19.70152070155078,0.9128712871287129,0.8169522091974752
A20_H3__t1_t2,1,0.8436018957345972,0.5640728955741973,0.7406849830636055,0.5881649731022116,0.5501101321585903,27.35323014843156,91.39310279921033,83.56524002487171,0.8436018957345972,0.3886378308586184
A20_H3__t2_t3,1,0.8400969109630527,0.7599665458600502,0.8233541852844802,0.699746835443038,0.7863155036654901,9.433981132056603,15.521467256284858,9.433981132056603,0.8400969109630527,0.5586231624238078
A20_H4__t1_t2,1,0.8829493087557604,0.8293545534924845,0.8845437616387337,0.7929883138564274,0.8274678111587983,2.23606797749979,26.77120134347079,3.0,0.8829493087557604,0.255653883972468
A20_H4__t2_t3,1,0.9255131964809384,0.9195664575014262,0.9313953488372093,0.8715995647442872,0.9245495495495496,2.0,3.484441020371181,2.0,0.9255131964809384,0.0
A21_H7__t1_t2,1,0.9571577847439916,0.937952430196484,0.9552549427679501,0.9143426294820717,0.9435688866293849,1.4142135623730951,2.0,1.4142135623730951,0.9571577847439916,0.2936630602782071
A21_H7__t2_t3,1,0.9472972972972973,0.9389920424403183,0.945260347129506,0.8962025316455696,0.9353363814500326,1.4142135623730951,1.4142135623730951,1.4142135623730951,0.9472972972972973,0.7089452603471295
A22_H3__t1_t2,1,0.928030303030303,0.8640275387263339,0.9057971014492754,0.8278145695364238,0.8625429553264605,1.0,2.23606797749979,1.4142135623730951,0.928030303030303,0.904
A22_H3__t2_t3,1,0.9416195856873822,0.8931698774080561,0.9304029304029304,0.8698630136986302,0.8916083916083916,1.0,1.7363961030678912,1.0,0.9416195856873822,0.7075098814229249
A22_H6__t1_t2,1,0.4278103356419819,0.6513743326082657,0.5872873769024172,0.4157160963244613,0.6407093292212799,20.242279652526612,26.28906322452608,21.212992508701156,0.6513743326082657,0.7512415349887133
A22_H6__t2_t3,1,0.7092636579572447,0.8132212008605515,0.7792096219931272,0.6382828993666432,0.8175636292986206,34.86922562902754,14.366300806333287,18.862745003327763,0.8132212008605515,0.6959349593495935
A23_H4__t1_t2,1,0.5121704457537345,0.2727272727272727,0.41728283932360316,0.263649658758531,0.49295451941803187,58.6002798179715,50.26926311136496,51.13605127836845,0.5121704457537345,0.4597220771079302
A23_H4__t2_t3,1,0.5794480550061223,0.6267553584626755,0.639168765743073,0.4696899583526145,0.5275448117086006,81.23238062773268,36.0,80.21126986071677,0.6267553584626755,0.2556316644304781
A23_H7__t1_t2,1,0.8735599487981794,0.7971994205697731,0.8678290962331958,0.7665177521749353,0.8151220668404835,7.017766952966369,15.700149580001531,11.908702802606694,0.8735599487981794,0.8374825174825175
A23_H8__t1_t2,1,0.7946787148594378,0.7793068297655453,0.7933130699088146,0.6574307304785895,0.765875868679607,21.399999999999977,15.965247584249845,19.083297567789515,0.7946787148594378,0.4161893852615502
A24_H4__t1_t2,1,0.28941491737382763,0.5372093023255814,0.3843978317228376,0.23792851932895698,0.46390510610694097,48.79114414908058,63.7922403551043,55.270164878142175,0.5372093023255814,0.4682769178431706
A24_H4__t2_t3,1,0.8033937975424225,0.7759048091224591,0.8297246725474472,0.7089995431703975,0.7788746298124383,11.538595235189906,29.715299607053986,27.103851573058357,0.8033937975424225,0.2819148936170212
A4_H10__t1_t2,1,0.543718745264434,0.0,0.19660250656560618,0.10901784397581478,0.4777120945837993,152.1886114600443,236.77658163021465,168.0101173769833,0.543718745264434,0.7132870997154146
A4_H3__t1_t2,1,0.06198347107438017,0.5495093666369313,0.3584905660377358,0.21839080459770116,0.5314926660914582,52.389525178390336,37.22177651118459,49.410150084630644,0.5495093666369313,0.1433447098976109
A4_H3__t2_t3,1,0.7492625368731564,0.0,0.06164383561643835,0.03180212014134275,0.31474597273853777,6.367768224739608,114.35611698472506,112.08476367902321,0.7492625368731564,0.0
A4_H8__t1_t2,1,0.9373134328358209,0.9173989455184535,0.9457177322074789,0.897025171624714,0.9046538024971623,28.0,7.683839905378869,1.4142135623730951,0.9373134328358209,0.5433854907539118
A4_H8__t2_t3,1,0.8510822510822511,0.8746061751732829,0.8704177323103154,0.7705660377358491,0.8757469606429013,8.94427190999916,6.9124611797498074,8.94427190999916,0.8746061751732829,0.484903381642512
A4_H9__t1_t2,1,0.6144329896907217,0.7492498928418345,0.6248246844319776,0.45436002039775625,0.5900783289817232,70.0585413619436,65.96969000988257,69.63871040765297,0.7492498928418345,0.3996350364963503
A4_H9__t2_t3,1,0.7673216132368149,0.568716780561883,0.6772438803263826,0.5119945167923236,0.5604477611940298,25.0,24.0,23.0,0.7673216132368149,0.5821876867901973
A5_H2__t1_t2,1,0.9003690036900369,0.444647758462946,0.6648721399730821,0.49798387096774194,0.4480578139114724,1.4142135623730951,39.10437947217064,32.36885600733312,0.9003690036900369,0.4967320261437908
A5_H4__t1_t2,1,0.940305414160111,0.9331501831501832,0.9456721915285451,0.896943231441048,0.9389210878288007,2.0,2.8284271247461903,2.0,0.940305414160111,0.2475518997258127
A5_H4__t2_t3,1,0.8203113633056889,0.8114700921240431,0.8179295031917846,0.6919464663066448,0.8129359543436906,16.0435995945923,19.363259134112038,16.278820596099706,0.8203113633056889,0.2708174178762414
A5_H8__t1_t2,1,0.5290806754221389,0.7910906298003072,0.7158615443134272,0.5574644549763034,0.6414157094070164,24.009370934517882,11.40175425099138,20.233631742220645,0.7910906298003072,0.5003909304143862
A5_H8__t2_t3,1,0.6510764662212324,0.5297389816003423,0.6374657802111849,0.46785304247990817,0.6401408450704226,23.08679276123039,24.0,23.08679276123039,0.6510764662212324,0.1794392523364485
A7_H4__t1_t2,1,0.47101449275362317,0.35847750865051903,0.45082680591818974,0.2910112359550562,0.3551912568306011,17.856342143881996,31.98435590225258,23.08679276123039,0.47101449275362317,0.4406490179333903
A7_H4__t2_t3,1,0.09902740937223696,0.0,0.018223234624145785,0.009195402298850575,0.0628154795288839,116.57100592871501,117.94382085670922,115.6643087289197,0.09902740937223696,0.0
A7_H8__t1_t2,1,0.8883794239862445,0.9105255741862759,0.911864406779661,0.838006230529595,0.9131147540983606,7.615773105863909,9.0,7.0,0.9105255741862759,0.7469879518072289
A7_H8__t2_t3,1,0.7044562062489329,0.7162935970848516,0.712635752456473,0.5535618639528656,0.6748904398636585,19.50418129276094,20.12461179749811,19.493136610039706,0.7162935970848516,0.5546629409710094
A9_H9__t1_t2,1,0.9229805886036319,0.907191883019994,0.9203322054752384,0.8524216524216525,0.9046773238602723,2.8284271247461903,4.116950344336776,3.1622776601683795,0.9229805886036319,0.5871559633027523
A9_H9__t2_t3,1,0.8860658991663358,0.9033500192529842,0.8916042569964525,0.8044096728307255,0.9102564102564102,5.830951894845301,2.948528137423855,5.0,0.9033500192529842,0.6142857142857143
A11_H1__t1_t2,2,0.8717948717948718,0.8736141906873615,0.8701594533029613,0.7701612903225806,0.8703296703296703,3.7830532015051896,2.23606797749979,2.888477631085023,0.8736141906873615,0.3324538258575198
A11_H1__t2_t3,2,0.8128654970760234,0.8262108262108262,0.8208092485549133,0.696078431372549,0.8123249299719888,2.995352392457285,2.0,2.23606797749979,0.8262108262108262,0.4408602150537634
A11_H3__t1_t2,2,0.8822575413558222,0.8159660897209466,0.8517006802721089,0.7417061611374408,0.8850574712643678,4.123105625617661,12.109756343784568,6.082762530298219,0.8822575413558222,0.4803194523673702
A11_H5__t1_t2,2,0.8478328656064859,0.8377880184331797,0.8411791943201111,0.7258923814597762,0.8189732812969078,13.083893698463447,12.051957427492866,12.36931687685298,0.8478328656064859,0.82052067381317
A12_H10__t1_t2,2,0.9060402684563759,0.898360655737705,0.9057851239669421,0.8277945619335347,0.9043760129659644,1.4142135623730951,1.7949747468305783,1.4142135623730951,0.9060402684563759,0.5952712100139083
A12_H5__t1_t2,2,0.9438266324493869,0.9493597206053551,0.9516129032258065,0.9076923076923077,0.9440045248868778,2.23606797749979,2.888477631085018,2.0,0.9493597206053551,0.5892597968069666
A12_H5__t2_t3,2,0.9336478914774403,0.9149354295339697,0.9404744578663949,0.8876373626373626,0.9167830215023737,5.735198189901193,12.668534668792985,5.385164807134504,0.9336478914774403,0.5105885789396816
A12_H9__t1_t2,2,0.4222668004012036,0.7102526002971769,0.6528803545051699,0.48464912280701755,0.5953565505804311,28.74258092433685,17.72004514666935,21.05696085338633,0.7102526002971769,0.0343815513626834
A12_H9__t2_t3,2,0.5966587112171837,0.366693354683747,0.41578947368421054,0.26245847176079734,0.39906832298136646,10.797498558504786,23.653693312335644,21.5115098283839,0.5966587112171837,0.1247600767754318
A15_H5__t1_t2,2,0.6603053435114504,0.4112478031634446,0.4670967741935484,0.3047138047138047,0.657554488363502,23.345235059857504,39.96472719036982,35.802140519059755,0.6603053435114504,0.6999027237354085
A15_H5__t2_t3,2,0.6165615141955836,0.7241726618705036,0.692599479360357,0.5297531004664922,0.731734917603791,41.99880918618153,38.600518131237564,40.52159917870962,0.7241726618705036,0.292183500689112
A16_H4__t1_t2,2,0.7358902400997818,0.8452146514375738,0.8347031963470319,0.7163009404388715,0.7341614906832298,25.974009593965558,7.0710678118654755,11.257834914721291,0.8452146514375738,0.6736120630568883
A16_H4__t2_t3,2,0.683927504481179,0.8177152632579358,0.7346131011280428,0.5805442602439788,0.7863216935046137,15.392922165295051,7.492618484691099,12.303772417240829,0.8177152632579358,0.4540642722117202
A17_H3__t1_t2,2,0.10793650793650794,0.0,0.052205220522052204,0.026802218114602587,0.045454545454545456,43.76058741509056,61.39794917804194,51.886523968859876,0.10793650793650794,0.0
A17_H3__t2_t3,2,0.19313304721030042,0.06588579795021962,0.13921113689095127,0.07481296758104738,0.05603985056039851,233.2340190102948,67.7231374578345,60.207972893961475,0.19313304721030042,0.0
A17_H4__t1_t2,2,0.8716099249855741,0.8890005022601708,0.8932857142857142,0.8071511552859171,0.9245708814880668,5.868723490163233,10.63014581273465,7.280109889280518,0.8890005022601708,0.7074911713877827
A17_H4__t2_t3,2,0.9165516375956833,0.9346363751745145,0.9289769143433834,0.8673733804475854,0.9225447807288449,7.0710678118654755,5.761312836704136,6.324555320336759,0.9346363751745145,0.3352363553322676
A17_H8__t1_t2,2,0.9663101069679096,0.9573900148294612,0.9635225126726965,0.9296125815113156,0.9533294278461238,3.0,2.8284271247461903,2.0,0.9663101069679096,0.3524970337611908
A19_H1__t1_t2,2,0.6679280983916746,0.5340022296544036,0.5889306824288018,0.4173648134044174,0.6613657623947614,15.556349186104045,20.12461179749811,18.384776310850235,0.6679280983916746,0.8122575640031032
A19_H1__t2_t3,2,0.1766630316248637,0.3738019169329074,0.3324538258575198,0.19936708860759494,0.3711340206185567,24.62422670986668,20.180342017716423,21.93854805965296,0.3738019169329074,0.2078298695021749
A19_H2__t1_t2,2,0.7857493054420657,0.6471950133570793,0.6936334857544847,0.5309639203015617,0.7840218712029161,12.194775501731346,26.1725046566048,20.518284528683193,0.7857493054420657,0.5082599118942731
A19_H2__t2_t3,2,0.7886334610472542,0.7188666440447913,0.7311517212069698,0.5762325830653805,0.8420423114300666,23.702176165770396,36.28490413871158,32.292410407005576,0.7886334610472542,0.5557106953364982
A19_H3__t1_t2,2,0.9561157796451915,0.9393939393939394,0.946798493408663,0.8989718372820742,0.9507286606523248,2.0,3.0,2.23606797749979,0.9561157796451915,0.5302985515814366
A19_H3__t2_t3,2,0.3438685208596713,0.5643564356435643,0.5420944558521561,0.37183098591549296,0.33957553058676654,49.623106012293746,50.71142096162551,50.07174264961133,0.5643564356435643,0.1268722466960352
A19_H7__t1_t2,2,0.8258706467661692,0.7799043062200957,0.8232323232323232,0.6995708154506438,0.7727272727272727,7.300974619674775,28.205446892526137,2.8284271247461903,0.8258706467661692,0.3506493506493506
A19_H7__t2_t3,2,0.8837209302325582,0.8253968253968254,0.8458498023715415,0.7328767123287672,0.8702290076335878,2.0,2.888477631085023,2.503444185374859,0.8837209302325582,0.3157894736842105
A1_H2__t1_t2,2,0.8010752688172043,0.82710027100271,0.8212927756653993,0.6967741935483871,0.7816326530612245,7.0710678118654755,5.0,5.830951894845301,0.82710027100271,0.7114914425427873
A1_H2__t2_t3,2,0.396327467482785,0.8766666666666667,0.7938931297709924,0.6582278481012658,0.4002998500749625,47.13648942392557,2.0,21.0,0.8766666666666667,0.2417374881964117
A22_H2__t1_t2,2,0.8996918863402944,0.839622641509434,0.8734578780401833,0.7753441802252816,0.8957555178268252,5.0990195135927845,8.0,6.324555320336759,0.8996918863402944,0.7080359913124418
A22_H2__t2_t3,2,0.9096161782913743,0.8801431127012522,0.8998699609882965,0.817966903073286,0.9107215654300856,3.605551275463989,7.4796377298591965,5.1733241632105225,0.9096161782913743,0.5749077490774908
A23_H1__t1_t2,2,0.8866328257191202,0.8940754039497307,0.903448275862069,0.8238993710691824,0.8892561983471075,2.0,1.4142135623730951,1.372792206135788,0.8940754039497307,0.4956822107081174
A23_H10__t1_t2,2,0.7000439174352218,0.6159960258320915,0.6692124105011933,0.5028694404591105,0.6867729426971133,37.79487203680415,37.27184329959461,37.27184329959461,0.7000439174352218,0.5573411249086925
A23_H10__t2_t3,2,0.8046783625730994,0.7810407006697578,0.7922705314009661,0.656,0.7813141683778234,10.080217888754401,7.217397266056003,7.923154621172775,0.8046783625730994,0.7875
A24_H7__t1_t2,2,0.6892655367231638,0.8333333333333334,0.78099173553719,0.6406779661016949,0.6365159128978225,95.53215373491352,2.0,92.39586449153417,0.8333333333333334,0.0
A24_H7__t2_t3,2,0.9197396963123644,0.9058823529411765,0.9227642276422764,0.8566037735849057,0.9058823529411765,1.4142135623730951,1.8828427124746174,1.3520815280171286,0.9197396963123644,0.5471698113207547
A2_H5__t1_t2,2,0.9311242603550296,0.9005337214944202,0.925552353506244,0.8614215467143496,0.9315257352941176,2.4730116363983363,5.0,3.0,0.9311242603550296,0.8962655601659751
A2_H5__t2_t3,2,0.8709167544783983,0.8507972665148064,0.8716401535929786,0.772484200291687,0.8806201550387597,5.285013954394896,6.340269103755976,5.830951894845301,0.8709167544783983,0.7985
A2_H7__t1_t2,2,0.9032441661923734,0.8827866768370201,0.9148993288590604,0.8431469569520039,0.8828600405679513,6.791093483101483,9.115670137719247,5.0990195135927845,0.9032441661923734,0.3863289594140983
A2_H7__t2_t3,2,0.880292733925771,0.870177267987487,0.8724797067295104,0.7738039944263818,0.8795273567942461,5.385164807134504,6.956230589874895,7.0,0.880292733925771,0.7711887354454373
A2_H9__t1_t2,2,0.9566500645637336,0.9421300659754949,0.9573672400897532,0.9182209469153515,0.951530612244898,2.23606797749979,2.8627416997969504,2.0,0.9566500645637336,0.3219069239500567
A2_H9__t2_t3,2,0.9551098376313276,0.9209905660377359,0.9481279251170047,0.9013718946978124,0.9509602834234571,2.0,5.0,2.8970562748477104,0.9551098376313276,0.6505569190107608
A4_H1__t1_t2,2,0.9096651926721415,0.82560706401766,0.9092150170648464,0.8335419274092616,0.9029430181590482,2.354539806949063,5.656854249492381,2.8284271247461903,0.9096651926721415,0.7892215568862275
A4_H1__t2_t3,2,0.8472906403940886,0.6682134570765661,0.8678500986193294,0.7665505226480837,0.8381877022653722,3.0,6.312465680834829,2.354539806949063,0.8472906403940886,0.5298281092012134
A5_H10__t1_t2,2,0.5458627325208467,0.498134328358209,0.5129612686794754,0.344954881050041,0.5280045032367013,26.53291779019109,26.42624300683087,26.412116802302755,0.5458627325208467,0.0
A5_H10__t2_t3,2,0.041884816753926704,0.04507042253521127,0.04395604395604396,0.02247191011235955,0.041884816753926704,50.74008893369385,41.4026876722527,48.445620435005296,0.04507042253521127,0.0
A5_H9__t1_t2,2,0.8536585365853658,0.7932960893854749,0.8255813953488372,0.7029702970297029,0.7845303867403315,1.0,2.0,1.4142135623730951,0.8536585365853658,0.0
A5_H9__t2_t3,2,0.0,0.0,0.0,0.0,0.0,69.39812404740216,94.75140746237795,81.62105295482844,0.0,0.0
A9_H1__t1_t2,2,0.7178683385579937,0.8537117903930131,0.8812572759022119,0.7877211238293444,0.7306273062730627,50.07191380674,2.23606797749979,2.0,0.8537117903930131,0.4604081632653061
A9_H1__t2_t3,2,0.8286852589641435,0.8289771557933732,0.8299065420560747,0.7092651757188498,0.8328912466843501,16.980995063957394,17.168061123571405,16.980995063957394,0.8289771557933732,0.1115089514066496
A11_H4__t1_t2,3,0.906959706959707,0.9338403041825095,0.9292168674698795,0.8677918424753868,0.9097525473071325,178.34853060579724,1.0414213562373071,1.4142135623730951,0.9338403041825095,0.3104477611940298
A12_H8__t1_t2,3,0.9415292353823088,0.9406593406593406,0.9459659511472983,0.8974719101123596,0.9338181818181818,1.3520815280171286,1.4142135623730951,1.4142135623730951,0.9415292353823088,0.4618760285244103
A14_H4__t1_t2,3,0.7941299790356394,0.8478935698447894,0.8317432784041631,0.7119524870081663,0.7831277357739753,15.20839159055503,8.694908145580152,12.649110640673518,0.8478935698447894,0.2059202059202059
A14_H4__t2_t3,3,0.7680660701995871,0.7968701095461659,0.7777040477770405,0.6362649294245385,0.7924176507147297,12.649110640673518,8.602325267042627,10.931098884280699,0.7968701095461659,0.3961430293290478
A14_H6__t1_t2,3,0.4724245577523413,0.7048611111111112,0.4918032786885246,0.32608695652173914,0.7104013810962452,38.69744342427487,10.0,19.843115725381047,0.7048611111111112,0.0725764644893727
A14_H6__t2_t3,3,0.7549980399843199,0.9037682964808471,0.9083197389885808,0.8320382546323969,0.901207804273769,4.430018656651449,4.0,2.23606797749979,0.9037682964808471,0.694129763130793
A18_H5__t1_t2,3,0.9538319482917821,0.9418181818181818,0.9519010535959689,0.9082167832167832,0.9421860885275519,2.0,2.0,1.912132034355961,0.9538319482917821,0.7269035532994924
A18_H5__t2_t3,3,0.8131346432810234,0.8940774487471527,0.8609198567887634,0.7558027079303675,0.8079419625811378,78.59543688055047,57.57894820671542,71.75124554214416,0.8940774487471527,0.1154630762953896
A18_H7__t1_t2,3,0.9226993865030675,0.9010238907849829,0.9207100591715977,0.8530701754385965,0.9049773755656109,2.0,4.0,2.0,0.9226993865030675,0.6666666666666666
A18_H7__t2_t3,3,0.6495726495726496,0.5167785234899329,0.5509433962264151,0.3802083333333333,0.56957928802589,3.4282418293457426,8.462403183519898,8.516803558051647,0.6495726495726496,0.0
A19_H4__t1_t2,3,0.5610628513030148,0.29108635097493035,0.5470183486238532,0.3764798737174428,0.5935422602089269,17.572435815903187,41.397090557217396,18.973592452822636,0.5610628513030148,0.3679611650485437
A19_H4__t2_t3,3,0.37408670238675107,0.5913209346685742,0.49097815764482433,0.32536186280679674,0.5352591333899746,38.73181318625045,21.07686038434913,21.470451402913813,0.5913209346685742,0.2923822104799647
A19_H5__t1_t2,3,0.6657468092445671,0.7186684073107049,0.7206851119894598,0.5633367662203913,0.7923613216126099,11.74596311949069,16.093356981642454,13.523528575352708,0.7186684073107049,0.6185365853658537
A19_H5__t2_t3,3,0.544145509662751,0.8042813455657493,0.6273089460340456,0.45699208443271766,0.8016903108964685,55.1350180624776,8.380217873572311,15.014983370267808,0.8042813455657493,0.5758564437194127
A1_H1__t1_t2,3,0.9032258064516129,0.8453865336658354,0.8839050131926122,0.7919621749408984,0.8468244084682441,1.4142135623730951,2.0,2.0,0.9032258064516129,0.3825301204819277
A1_H5__t1_t2,3,0.8471830985915493,0.8982074263764405,0.8890378813275226,0.8002414001207001,0.9006033661479835,9.0,5.227784895686555,6.0,0.8982074263764405,0.3736067766384306
A1_H5__t2_t3,3,0.7894413750767342,0.7665567875337129,0.7812971342383107,0.6410891089108911,0.790834312573443,29.60363543266439,28.43671560971357,28.84027971686006,0.7894413750767342,0.693012600229095
A21_H10__t1_t2,3,0.9191526156506701,0.8879770209273697,0.9040636782572267,0.8249235474006116,0.8824006488240065,2.9399494936611625,5.213477631009465,4.3918126112414715,0.9191526156506701,0.7023728813559322
A21_H10__t2_t3,3,0.9323116219667944,0.9156223893065998,0.9265202702702703,0.8630999213217939,0.9162520729684909,2.0,2.23606797749979,2.23606797749979,0.9323116219667944,0.5817371937639199
A22_H5__t1_t2,3,0.881851400730816,0.8977802137571937,0.9120409906063194,0.8383045525902669,0.9001091703056768,2.961803398874981,4.0,3.0,0.8977802137571937,0.8198795180722892
A22_H5__t2_t3,3,0.8271604938271605,0.8312424119789559,0.8293279022403258,0.708420320111343,0.8401574803149606,8.098484500494123,8.06225774829855,8.246211251235321,0.8312424119789559,0.672566371681416
A23_H6__t1_t2,3,0.9287586738627602,0.9153523809523809,0.9275629220380601,0.8649112764739554,0.9240849525530953,10.63014581273465,12.36931687685298,11.180339887498949,0.9287586738627602,0.6700381233953163
A23_H9__t1_t2,3,0.8942760942760942,0.8661633493479753,0.884641638225256,0.7931456548347613,0.9074195666447801,3.0,3.4282418293457426,2.8284271247461903,0.8942760942760942,0.4136159280667951
A23_H9__t2_t3,3,0.8571428571428571,0.8796269309239289,0.8747044917257684,0.7773109243697479,0.9003690036900369,6.1673900068117,2.59148346584761,5.0,0.8796269309239289,0.0
A24_H10__t1_t2,3,0.6435643564356436,0.63121387283237,0.6086626139817629,0.4374658656471873,0.5854166666666667,20.59854063580829,23.11864660519182,22.02271554554524,0.6435643564356436,0.3398443703350802
A24_H5__t1_t2,3,0.8988326848249028,0.24329159212880144,0.8486238532110092,0.7370517928286853,0.8988326848249028,44.41451078119729,17.707255349164527,3.0,0.8988326848249028,0.3555555555555555
A24_H5__t2_t3,3,0.16686531585220502,0.5634236453201971,0.33189344852411806,0.19896417781614156,0.5634236453201971,44.0624480064833,35.0071414000116,39.23490173679861,0.5634236453201971,0.3485447358965146
A25_H6__t1_t2,3,0.8830128205128205,0.8172858225928734,0.877630553390491,0.7819444444444444,0.8450292397660819,2.8798989873223304,4.043086968966181,3.056797181058932,0.8830128205128205,0.171362852213916
A25_H6__t2_t3,3,0.8265387689848122,0.6843150231634679,0.8050595238095238,0.6737235367372354,0.739240506329114,5.830951894845301,9.899494936611665,6.4031242374328485,0.8265387689848122,0.0
A25_H9__t1_t2,3,0.9159836065573771,0.8550458715596331,0.9060987415295256,0.8283185840707965,0.8561118628777628,3.0,5.548178472549228,3.4504055101105156,0.9159836065573771,0.548926014319809
A25_H9__t2_t3,3,0.9472154963680387,0.8536064874093043,0.9089261440869959,0.8330564784053156,0.8541136556403732,2.0,5.830951894845301,3.1622776601683795,0.9472154963680387,0.8987654320987655
A2_H4__t1_t2,3,0.8917102315160568,0.8586387434554974,0.8708708708708709,0.7712765957446809,0.8901734104046243,2.23606797749979,4.123105625617661,2.38415776431139,0.8917102315160568,0.6368243243243243
A2_H4__t2_t3,3,0.8675862068965517,0.8289308176100629,0.8584534731323722,0.7520091848450058,0.8244846970643348,4.0,5.0198039027185555,4.242640687119285,0.8675862068965517,0.7931034482758621
A3_H10__t1_t2,3,0.8698216128556686,0.9103392568659128,0.9090909090909091,0.8333333333333334,0.8940834653988379,167.4557514965495,9.848857801796104,34.24273364526832,0.9103392568659128,0.3606887017720246
A3_H10__t2_t3,3,0.8814814814814815,0.5471455143797396,0.8479837170843404,0.7360865724381626,0.8239910313901345,10.65765551647284,99.62830890630114,93.04402379181073,0.8814814814814815,0.4052354677274477
A3_H3__t1_t2,3,0.5756097560975609,0.8145065398335315,0.7904109589041096,0.6534541336353341,0.8145734597156398,11.10610150882752,4.47213595499958,7.615773105863909,0.8145065398335315,0.3697974217311234
A3_H3__t2_t3,3,0.8426763110307414,0.6654462242562929,0.7885032537960954,0.6508504923903312,0.6672710788757933,11.0,16.0,14.25,0.8426763110307414,0.3986013986013986
A5_H7__t1_t2,3,0.9099627064464572,0.914785553047404,0.918785890073831,0.849772382397572,0.9087523277467412,10.396275858019486,5.0,6.497197195809929,0.914785553047404,0.1722187303582652
A5_H7__t2_t3,3,0.9522424242424242,0.9447355883754168,0.9553894381480589,0.9145891043397969,0.9389384687646782,2.23606797749979,3.2952597447570673,2.23606797749979,0.9522424242424242,0.7511811023622047
A7_H9__t1_t2,3,0.7319347319347319,0.9090909090909091,0.9402985074626866,0.8873239436619719,0.9090909090909091,3.3395871062866194,1.0,1.4142135623730951,0.9090909090909091,0.4741235392320534
A7_H9__t2_t3,3,0.6389684813753582,0.3510711817553559,0.5510062456627343,0.38026819923371646,0.522248243559719,139.96777437275236,148.1924424523734,143.0837127854599,0.6389684813753582,0.0
A8_H10__t1_t2,3,0.9290187891440501,0.5944584382871536,0.8817086527929902,0.7884427032321254,0.7683712935109583,2.0,41.769316876852976,18.0,0.9290187891440501,0.75
A8_H10__t2_t3,3,0.9062693978895097,0.8762701733413031,0.9008567931456548,0.8195991091314031,0.8753657109420714,3.605551275463989,5.830951894845301,4.47213595499958,0.9062693978895097,0.5987111892208553
A8_H3__t1_t2,3,0.8166160081053698,0.8865979381443299,0.8859813084112149,0.7953020134228188,0.8753180661577609,7.042640687119285,2.23606797749979,2.23606797749979,0.8865979381443299,0.0
A8_H3__t2_t3,3,0.8838451268357811,0.76185619581846,0.8296639629200464,0.7089108910891089,0.7631176770249618,3.0,10.399999999999977,7.0,0.8838451268357811,0.0
A8_H7__t1_t2,3,0.8617886178861789,0.7973421926910299,0.8507462686567164,0.7402597402597403,0.8026315789473685,1.5020815280171258,4.0,2.0,0.8617886178861789,0.0
A9_H7__t1_t2,3,0.6913199794555727,0.6264501160092807,0.7073301230604602,0.5471854304635762,0.6806596701649176,21.68148626488136,11.0,10.167004887457793,0.6913199794555727,0.2077553593947036
A9_H7__t2_t3,3,0.5395408163265306,0.5039152464302165,0.5804847731510255,0.4089316987740806,0.46128635804997953,17.46424919657298,37.44886644017525,32.67746085384395,0.5395408163265306,0.3582089552238806
A10_H1__t1_t2,4,0.80446221848032,0.6957001102535832,0.8263021447089324,0.7040160642570281,0.7934399003529168,6.94164078649986,12.680635208947251,7.0710678118654755,0.80446221848032,0.3647136273864384
A10_H1__t2_t3,4,0.8507795100222717,0.5401929260450161,0.7714418173388966,0.6279245283018868,0.791907514450867,4.123105625617661,14.416985899926976,8.06225774829855,0.8507795100222717,0.2367170626349892
A10_H4__t1_t2,4,0.7993211709800594,0.8538622129436325,0.839344262295082,0.7231638418079096,0.7993211709800594,5.0,5.0,4.0,0.8538622129436325,0.309656823623304
A10_H4__t2_t3,4,0.6828650974436852,0.7066521264994547,0.7333135568080689,0.5789227166276346,0.6751560549313358,21.965856099730654,21.095023109728988,21.071048360646948,0.7066521264994547,0.5379253792537926
A11_H6__t1_t2,4,0.7283950617283951,0.8494208494208494,0.7911308203991131,0.6544387380777696,0.7351616864510847,11.550000000000011,6.0,8.952631123499284,0.8494208494208494,0.3368770764119601
A11_H6__t2_t3,4,0.2311495673671199,0.1967950520101209,0.20703125,0.11546840958605664,0.1736707685163687,68.49560225254136,75.06046746142685,69.40461079784254,0.2311495673671199,0.3493516399694889
A12_H4__t1_t2,4,0.9114529914529914,0.9142447075708647,0.9247462373118656,0.8600260416666666,0.8973409626388421,3.1622776601683795,5.796132365774719,4.236663934044202,0.9142447075708647,0.5063938618925832
A12_H4__t2_t3,4,0.8383701698992633,0.872590823810336,0.8668076109936576,0.7649253731343284,0.8387387387387387,39.83085232431868,8.497025848454362,9.89189936638933,0.872590823810336,0.0134015164873919
A12_H7__t1_t2,4,0.8220994475138121,0.7950169875424689,0.8,0.6666666666666666,0.8353326063249727,4.367426856185,5.327390086064326,4.886396103067888,0.8220994475138121,0.0638707195075028
A14_H2__t1_t2,4,0.716983641441681,0.8418014551139439,0.800947276579833,0.667983367983368,0.8531170445799539,43.92028779062058,16.887559494782373,21.262509902847075,0.8418014551139439,0.7490824802008885
A14_H2__t2_t3,4,0.7799380804953561,0.8901181215787958,0.8749855038849589,0.7777548706318936,0.9092720730694713,13.45362404707371,16.178522281423014,13.011521443121588,0.8901181215787958,0.960873426317714
A14_H3__t1_t2,4,0.9299975944190522,0.9319447808186001,0.930826705230176,0.8706041478809738,0.9245102723363593,3.732969157795041,4.242640687119285,4.3183766184073304,0.9319447808186001,0.7452896022330775
A14_H3__t2_t3,4,0.9576271186440678,0.9561103810775295,0.9593881856540084,0.9219462747085656,0.9512448132780082,2.0,2.23606797749979,2.0,0.9576271186440678,0.8521237545883587
A17_H2__t1_t2,4,0.8709175738724728,0.8995918367346939,0.8871224165341812,0.7971428571428572,0.8692962103634957,4.242640687119285,3.605551275463989,4.123105625617661,0.8995918367346939,0.0036596523330283
A17_H5__t1_t2,4,0.8882758620689655,0.8287461773700305,0.8719424460431655,0.7729591836734694,0.8882758620689655,3.4725691908753014,6.436521416154468,4.920820393249934,0.8882758620689655,0.1020733652312599
A18_H9__t1_t2,4,0.6751269035532995,0.6737120211360634,0.6864516129032258,0.5225933202357563,0.7031055900621118,15.869911892563229,16.108859136809336,15.980515057319264,0.6751269035532995,0.0
A19_H10__t1_t2,4,0.8993593717710271,0.8704957414282595,0.8984160506863781,0.8155674846625767,0.8789038887769495,3.605551275463989,5.342243013103236,3.1622776601683795,0.8993593717710271,0.4369408369408369
A19_H10__t2_t3,4,0.7860031104199067,0.766621232772982,0.7847829421690443,0.6457965160313053,0.77224513847967,31.183109664094403,29.931471532607443,30.292148893742773,0.7860031104199067,0.5068027210884354
A19_H8__t1_t2,4,0.9664931685100846,0.9677859212544742,0.9752121111295957,0.9516233766233766,0.9664931685100846,2.8284271247461903,2.0472135954999553,1.4142135623730951,0.9677859212544742,0.660414827890556
A19_H9__t1_t2,4,0.9420970266040689,0.92573402417962,0.9459901800327333,0.8975155279503105,0.9420970266040689,1.0,1.4142135623730951,1.0414213562373071,0.9420970266040689,0.10351966873706
A19_H9__t2_t3,4,0.8995716325559258,0.9063706563706564,0.8987161198288159,0.8160621761658031,0.8787878787878788,7.615773105863909,9.077650167810205,8.388656857558235,0.9063706563706564,0.4210526315789473
A22_H4__t1_t2,4,0.851063829787234,0.8541666666666666,0.8847926267281107,0.7933884297520661,0.851063829787234,1.4142135623730951,1.0,1.2692388155425112,0.8541666666666666,0.0
A22_H4__t2_t3,4,0.0,0.0,0.0,0.0,0.0,23.358068012173852,155.4390500465035,148.57925485614507,0.0,0.0338983050847457
A24_H2__t1_t2,4,0.871010287523081,0.8424514200298954,0.8778711484593837,0.782326510234648,0.8643979057591623,7.060407640085652,13.960613552451266,9.93615310814347,0.871010287523081,0.7352272727272727
A24_H2__t2_t3,4,0.8997544094663987,0.7876010781671159,0.886701872299568,0.7964639931004743,0.8997544094663987,5.0297058540778306,9.884303796166996,5.656854249492381,0.8997544094663987,0.6187389510901591
A24_H3__t1_t2,4,0.8540597447032504,0.8808086480415556,0.8718227538398804,0.7727710843373494,0.850373085482393,11.160093056952192,8.117443799179572,9.358928295889298,0.8808086480415556,0.707613198114555
A24_H3__t2_t3,4,0.8238091333934574,0.8592616218802328,0.8555767397521449,0.7476051645147855,0.8372976669959723,15.787551432090394,14.0,14.0,0.8592616218802328,0.5957774356718716
A24_H9__t1_t2,4,0.0,0.0,0.0,0.0,0.0,50.47104413677152,49.36087746171016,49.70662814747947,0.0,0.1534225019669551
A24_H9__t2_t3,4,0.0,0.0,0.0,0.0,0.0,56.36955262170048,87.06318122347355,55.54983428004295,0.0,0.0182815356489945
A2_H10__t1_t2,4,0.8902980342422321,0.8714331516511703,0.892141266306077,0.8052843193566915,0.8594643394523022,4.0,5.0,4.0,0.8902980342422321,0.6743153219837158
A2_H10__t2_t3,4,0.890149561629706,0.892423833917498,0.9103736608309381,0.8354916067146283,0.8797827696864972,5.0,5.0,3.1622776601683795,0.892423833917498,0.4839685420447671
A2_H6__t1_t2,4,0.7850208044382802,0.7003792667509482,0.8274809160305343,0.7057291666666666,0.7737824305871643,15.643131022195018,10.10892146495206,13.152946437965905,0.7850208044382802,0.3830069697975439
A2_H6__t2_t3,4,0.6721058434399118,0.6922132154261852,0.681683731513083,0.5170866413531239,0.5812226242620453,33.29845406744754,28.690295807569793,24.578534360451677,0.6922132154261852,0.0
A2_H8__t1_t2,4,0.8534798534798534,0.875,0.8675599875350577,0.7660979636763896,0.8516600670118794,18.384776310850235,13.01820285564418,15.556349186104045,0.875,0.5731532049439494
A2_H8__t2_t3,4,0.7745064080360236,0.8605270950547823,0.8603245307031498,0.7548855388051368,0.840422495004282,13.912213347703677,6.0,5.0,0.8605270950547823,0.4900784494693124
A3_H4__t1_t2,4,0.7926267281105991,0.3448275862068966,0.8681318681318682,0.7669902912621359,0.7610619469026548,61.45,87.20689857395168,2.0,0.7926267281105991,0.0
A3_H4__t2_t3,4,0.8476052249637155,0.8245743893412287,0.8480355819125278,0.7361647361647362,0.8094248094248094,3.105480479109443,6.495742752749551,4.0,0.8476052249637155,0.0
A4_H6__t1_t2,4,0.9003601440576231,0.9296320206584894,0.9181141439205955,0.8486238532110092,0.9003601440576231,2.23606797749979,2.118033988749895,2.0,0.9296320206584894,0.5125324114088159
A4_H6__t2_t3,4,0.9076433121019108,0.915282392026578,0.9132197891321979,0.8402985074626865,0.9079365079365079,2.0,2.0,2.0,0.915282392026578,0.2682047584715212
A5_H1__t1_t2,4,0.8936781609195402,0.934010152284264,0.9483568075117371,0.9017857142857143,0.8936781609195402,31.64999999999999,1.4142135623730951,1.25,0.934010152284264,0.1828153564899451
A5_H1__t2_t3,4,0.893407270486753,0.8729641693811075,0.9045161290322581,0.8256772673733804,0.8685782556750299,8.10456011089255,33.980773631397156,6.970156211871636,0.893407270486753,0.2
A7_H10__t1_t2,4,0.6678344646376176,0.698013781921362,0.7051709758131777,0.5446054750402577,0.6936739173817601,24.808326112068478,27.656032728186908,26.73054707939197,0.698013781921362,0.5438008616562949
A7_H5__t1_t2,4,0.25022341376228774,0.0,0.0,0.0,0.25022341376228774,35.20621767262179,35.37932457648213,35.81326317299579,0.25022341376228774,0.1920395772430852
A7_H5__t2_t3,4,0.4219512195121951,0.5612052730696798,0.5179407176287052,0.3494736842105263,0.41586538461538464,15.418293098346926,7.615773105863909,8.317932288136294,0.5612052730696798,0.4
A8_H8__t1_t2,4,0.9046653144016227,0.8785471055618616,0.9065817409766455,0.829126213592233,0.9046653144016227,2.0,3.1622776601683795,2.070820393249933,0.9046653144016227,0.3412204234122042
A8_H8__t2_t3,4,0.7469437652811736,0.6576802507836991,0.7269966595809293,0.5710877862595419,0.6852567642186638,19.235384061671343,19.28971519485421,19.235384061671343,0.7469437652811736,0.3747050495516753
A9_H2__t1_t2,4,0.9441230086391377,0.9237654078668446,0.9375246198692192,0.8823965593949281,0.9214780600461894,5.575347416784999,8.06225774829855,7.127081707490474,0.9441230086391377,0.736313533374158
A9_H2__t2_t3,4,0.9659781746780954,0.9602152604266769,0.9666070136694208,0.9353721444362565,0.9598210957882967,5.656854249492381,6.074486277268395,5.385164807134504,0.9659781746780954,0.7147678243410654
